{"cameraMode":{"drawMode":0,"name":"Shaded","section":"Shading Mode"},"sceneLighting":false,"audioPlay":false,"sceneViewState":{"m_AlwaysRefresh":false,"showFog":true,"showSkybox":false,"showFlares":true,"showImageEffects":true,"showParticleSystems":true,"showVisualEffectGraphs":true,"m_FxEnabled":true},"in2DMode":false,"pivot":{"x":0.24870872497558595,"y":10.526044845581055,"z":5.692378997802734},"rotation":{"x":0.3878079056739807,"y":0.5485129952430725,"z":-0.3179348409175873,"w":0.6690837144851685},"size":15.124916076660157,"orthographic":true}