{"cameraMode":{"drawMode":0,"name":"Shaded","section":"Shading Mode"},"sceneLighting":true,"audioPlay":false,"sceneViewState":{"m_AlwaysRefresh":false,"showFog":true,"showSkybox":true,"showFlares":true,"showImageEffects":true,"showParticleSystems":true,"showVisualEffectGraphs":true,"m_FxEnabled":true},"in2DMode":false,"pivot":{"x":-0.23362982273101808,"y":13.988056182861329,"z":10.915132522583008},"rotation":{"x":0.6110727190971375,"y":0.028005478903651239,"z":-0.021640831604599954,"w":0.7907845973968506},"size":33.5357780456543,"orthographic":true}