{"cameraMode":{"drawMode":0,"name":"Shaded","section":"Shading Mode"},"sceneLighting":true,"audioPlay":false,"sceneViewState":{"m_AlwaysRefresh":false,"showFog":true,"showSkybox":true,"showFlares":true,"showImageEffects":true,"showParticleSystems":true,"showVisualEffectGraphs":true,"m_FxEnabled":true},"in2DMode":false,"pivot":{"x":11.112431526184082,"y":4.368094444274902,"z":24.741458892822267},"rotation":{"x":0.6946802735328674,"y":0.0051795137114822868,"z":-0.005001077428460121,"w":0.7192858457565308},"size":41.077293395996097,"orthographic":true}