{"cameraMode":{"drawMode":0,"name":"Shaded","section":"Shading Mode"},"sceneLighting":true,"audioPlay":false,"sceneViewState":{"m_AlwaysRefresh":false,"showFog":true,"showSkybox":true,"showFlares":true,"showImageEffects":true,"showParticleSystems":true,"showVisualEffectGraphs":true,"m_FxEnabled":true},"in2DMode":false,"pivot":{"x":20.24692726135254,"y":29.93695831298828,"z":-10.923652648925782},"rotation":{"x":0.42852455377578738,"y":-0.14794397354125977,"z":0.07135502249002457,"w":0.8884771466255188},"size":20.763704299926759,"orthographic":true}